{"assets/fonts/Poppins-Black.ttf":["assets/fonts/Poppins-Black.ttf"],"assets/fonts/Poppins-BlackItalic.ttf":["assets/fonts/Poppins-BlackItalic.ttf"],"assets/fonts/Poppins-Bold.ttf":["assets/fonts/Poppins-Bold.ttf"],"assets/fonts/Poppins-BoldItalic.ttf":["assets/fonts/Poppins-BoldItalic.ttf"],"assets/fonts/Poppins-ExtraBold.ttf":["assets/fonts/Poppins-ExtraBold.ttf"],"assets/fonts/Poppins-ExtraBoldItalic.ttf":["assets/fonts/Poppins-ExtraBoldItalic.ttf"],"assets/fonts/Poppins-ExtraLight.ttf":["assets/fonts/Poppins-ExtraLight.ttf"],"assets/fonts/Poppins-ExtraLightItalic.ttf":["assets/fonts/Poppins-ExtraLightItalic.ttf"],"assets/fonts/Poppins-Italic.ttf":["assets/fonts/Poppins-Italic.ttf"],"assets/fonts/Poppins-Light.ttf":["assets/fonts/Poppins-Light.ttf"],"assets/fonts/Poppins-LightItalic.ttf":["assets/fonts/Poppins-LightItalic.ttf"],"assets/fonts/Poppins-Medium.ttf":["assets/fonts/Poppins-Medium.ttf"],"assets/fonts/Poppins-MediumItalic.ttf":["assets/fonts/Poppins-MediumItalic.ttf"],"assets/fonts/Poppins-Regular.ttf":["assets/fonts/Poppins-Regular.ttf"],"assets/fonts/Poppins-SemiBold.ttf":["assets/fonts/Poppins-SemiBold.ttf"],"assets/fonts/Poppins-SemiBoldItalic.ttf":["assets/fonts/Poppins-SemiBoldItalic.ttf"],"assets/fonts/Poppins-Thin.ttf":["assets/fonts/Poppins-Thin.ttf"],"assets/fonts/Poppins-ThinItalic.ttf":["assets/fonts/Poppins-ThinItalic.ttf"],"assets/grp_returner.svg":["assets/grp_returner.svg"],"assets/img_alterar_senha.svg":["assets/img_alterar_senha.svg"],"assets/img_configuracoes.svg":["assets/img_configuracoes.svg"],"assets/img_email.svg":["assets/img_email.svg"],"assets/img_excluir.svg":["assets/img_excluir.svg"],"assets/img_perfil.svg":["assets/img_perfil.svg"],"assets/img_sair.svg":["assets/img_sair.svg"],"assets/txt_logo.svg":["assets/txt_logo.svg"],"assets/ver_perfil.svg":["assets/ver_perfil.svg"],"packages/cupertino_icons/assets/CupertinoIcons.ttf":["packages/cupertino_icons/assets/CupertinoIcons.ttf"],"packages/font_awesome_flutter/lib/fonts/fa-brands-400.ttf":["packages/font_awesome_flutter/lib/fonts/fa-brands-400.ttf"],"packages/font_awesome_flutter/lib/fonts/fa-regular-400.ttf":["packages/font_awesome_flutter/lib/fonts/fa-regular-400.ttf"],"packages/font_awesome_flutter/lib/fonts/fa-solid-900.ttf":["packages/font_awesome_flutter/lib/fonts/fa-solid-900.ttf"]}